scale,mean_loss,std_loss,median_loss,min_loss,max_loss,num_images
1.0,0.0,0.0,0.0,0.0,0.0,32
1.125,0.00023452760694908648,0.00012501705035893065,0.0002302419816260226,3.8678237615386024e-05,0.0004852221463806927,32
1.348508193101,0.00044641312138082867,0.00022026508318473867,0.00045549792412202805,9.169056284008548e-05,0.0009222458465956151,32
1.616421641655,0.0009969679686037125,0.0003500381921019802,0.0010395068093203008,0.00034582350053824484,0.0017178383423015475,32
1.937562513136,0.00179583472890954,0.0006399203370819068,0.0017702244222164154,0.0005274326540529728,0.0030684249941259623,32
2.322505709876,0.004359600286989007,0.0016355324789558252,0.004429007647559047,0.0014241653261706233,0.007868862710893154,32
2.783927091816,0.00583471852587536,0.0021098588512925803,0.005867869826033711,0.002028654795140028,0.010059691034257412,32
3.337020882054,0.008009742545254994,0.0027693980284408688,0.007840458070859313,0.003068523481488228,0.013539765030145645,32
4.0,0.011895587987964973,0.0038880863409041415,0.01173776900395751,0.005534124560654163,0.019813349470496178,32
