scale,mean_loss,std_loss,median_loss,min_loss,max_loss,num_images
1.0,0.0,0.0,0.0,0.0,0.0,12
1.125,0.0002508768150922454,0.00012169507714673611,0.00023217505804495886,6.999113247729838e-05,0.00046991786803118885,12
1.348508193101,0.00047537234907698195,0.00021745455129029253,0.00047674520465079695,0.00011113364598713815,0.0008914737263694406,12
1.616421641655,0.0010883240174734965,0.00032932181643813215,0.0010944094974547625,0.0003642663941718638,0.0016909237019717693,12
1.937562513136,0.001926078082760796,0.0006086538547236426,0.0018004241865128279,0.000829678843729198,0.003005863865837455,12
2.322505709876,0.004770241503138095,0.0015871059303471636,0.004617410711944103,0.002136926632374525,0.007804286666214466,12
2.783927091816,0.006265668605919927,0.0019150635990001664,0.006285997806116939,0.002948907669633627,0.009581332094967365,12
3.337020882054,0.008429833455011249,0.0025560276409039026,0.00835531298071146,0.00437116576358676,0.012810513377189636,12
4.0,0.013129294849932194,0.0035137859966904556,0.012463560327887535,0.00754334032535553,0.019200105220079422,12
