scale,mean_loss,std_loss,median_loss,min_loss,max_loss,num_images
1.0,0.0,0.0,0.0,0.0,0.0,32
1.125,0.0002290710757506531,0.00011934855504394315,0.0002227056902484037,3.986793672083877e-05,0.0004699153942056,32
1.348508193101,0.00043830336358041677,0.00021037197277066707,0.0004470850108191371,9.468337520956993e-05,0.000891474075615406,32
1.616421641655,0.001004885436486802,0.0003409250967818118,0.0010257316171191633,0.00035323991323821247,0.001690825680270791,32
1.937562513136,0.0018011842948908452,0.0006198682021173219,0.001764346903655678,0.000541025772690773,0.0030056035611778498,32
2.322505709876,0.004368320223875344,0.0015992062684931556,0.004428229061886668,0.0014507342129945755,0.007804346736520529,32
2.783927091816,0.005856652278453112,0.0020717176289984664,0.0059309364296495914,0.0020571593195199966,0.010043050162494183,32
3.337020882054,0.008006474519788753,0.002708530185107271,0.007868953282013535,0.0030887452885508537,0.013417916372418404,32
4.0,0.011931863991776481,0.0038116114991986567,0.01181958569213748,0.005760831758379936,0.019601481035351753,32
