scale,mean_loss,std_loss,median_loss,min_loss,max_loss,num_images
1.0,0.0,0.0,0.0,0.0,0.0,32
1.125,0.00023875410738583014,0.0001265112971964377,0.00023228140344144776,3.9105332689359784e-05,0.000490501697640866,32
1.348508193101,0.0004750607511141425,0.00023397828145070142,0.0004831462283618748,9.435026731807739e-05,0.0009879074059426785,32
1.616421641655,0.0010434278683533194,0.0003649130348220303,0.0010664769215509295,0.0003698788641486317,0.0017921212129294872,32
1.937562513136,0.0018882921776821604,0.0006741291306925804,0.0018591382540762424,0.0005516901728697121,0.003226481843739748,32
2.322505709876,0.004541088012047112,0.0016973718775601756,0.00464519951492548,0.0014952742494642735,0.008151748217642307,32
2.783927091816,0.006037027160346042,0.0022082512328648394,0.006115643540397286,0.002148290164768696,0.010495378635823727,32
3.337020882054,0.008268821133242454,0.0029030464829524314,0.007956684567034245,0.003172843949869275,0.014296220615506172,32
4.0,0.012092411023331806,0.004030043514816958,0.011734114028513432,0.00544558372348547,0.020408079028129578,32
