scale,mean_loss,std_loss,median_loss,min_loss,max_loss,num_images
1.0,0.0,0.0,0.0,0.0,0.0,12
1.125,0.0002618139994107575,0.00012901392207278554,0.0002446078433422372,7.102319796103984e-05,0.0004905054811388254,12
1.348508193101,0.0005182136319490382,0.00024215663887391475,0.0005230996175669134,0.00011740037734853104,0.000987906358204782,12
1.616421641655,0.0011337077279070702,0.00034910198651717794,0.001147364266216755,0.000387458159821108,0.0017921116668730974,12
1.937562513136,0.0020248158883381016,0.0006597253815299472,0.0019140926306135952,0.0008379446226172149,0.003226492553949356,12
2.322505709876,0.004962144749394308,0.0016658292273289425,0.004812793340533972,0.0022321254946291447,0.008152100257575512,12
2.783927091816,0.006438812337970982,0.002046841541601646,0.006400182377547026,0.0029032628517597914,0.00991049874573946,12
3.337020882054,0.008713771084633967,0.002651815015873826,0.008429205510765314,0.004540686961263418,0.013246670365333557,12
4.0,0.013340865805124244,0.003733677990049243,0.012510671745985746,0.00723621342331171,0.019648870453238487,12
