scale,mean_loss,std_loss,median_loss,min_loss,max_loss,num_images
1.0,0.0,0.0,0.0,0.0,0.0,32
1.125,0.0002290696119189306,0.00011934769540614033,0.00022270238696364686,3.986793672083877e-05,0.0004699153942056,32
1.348508193101,0.00043830089816765394,0.00021036879385139163,0.00044708781933877617,9.468337520956993e-05,0.0008914746576920152,32
1.616421641655,0.0010048748317785794,0.00034091902349727386,0.0010257478570565581,0.00035323991323821247,0.0016907966928556561,32
1.937562513136,0.0018011742995440727,0.0006198759947459752,0.001764274958986789,0.0005409971345216036,0.0030056035611778498,32
2.322505709876,0.00436831258048187,0.001599161109214965,0.00442828144878149,0.0014507342129945755,0.00780391925945878,32
2.783927091816,0.005856640666024759,0.0020717263306962107,0.005931081250309944,0.0020571593195199966,0.010043222457170486,32
3.337020882054,0.00800650508608669,0.002708549004421776,0.007868971675634384,0.0030887452885508537,0.01341815385967493,32
4.0,0.011931867862585932,0.0038116764514001637,0.011819657403975725,0.005760832689702511,0.019601773470640182,32
